Code,Country,Title Of Document Or Source,English Translation Of Title (When Applicable),Source Type,Type Of Document Or Source,Link To Document Or Source,Date Of Publication,Language,Date Entered,Brief Explanation And Notes
MAL01,Malta,MALTA – COVID-19 VACCINATION,-,Vaccine Registration Website,Registration Website,https://web.archive.org/web/20210410084621/https://vaccin.gov.mt/,-,"English, Maltese",6/10/2021,Malta official registration website for COVID-19 vaccination
MAL03,Malta,Vaccines - health.gov.mt (FAQs),-,Official Vaccine Policy,Official National Document,https://deputyprimeminister.gov.mt/en/health-promotion/covid-19/Pages/vaccines.aspx,22/04/2021,English,24 Jun 2021,Information on priority groups. States that all Maltese citizens and all residents of Malta with a valid residency card are eligible for the vaccine.
MAL04,Malta,Covid-19 Vaccine Frequently Asked Questions For Healthcare Professionals,-,Official Vaccine Policy,Official National Document,https://deputyprimeminister.gov.mt/en/health-promotion/covid-19/Documents/Covid-19%20Vaccine%20FAQs%20Healthcare%20workers.pdf,06/05/2021 - last updated,English,24 Jun 2021,Similar information to above.
MAL05,Malta,Watch: Detained migrants and open centres residents to receive vaccine according to age,-,Official Vaccine Policy,Media,https://newsbook.com.mt/en/watch-detained-migrants-and-open-centres-residents-to-receive-vaccine-according-to-age/,12/03/2021,"Video In Maltese, Article In English",24 Jun 2021,"Says Superintendent of Public Health said undocumented migrants are not entitled to vaccinations, individuals in detention centres would be vaccinated based on age."
MAL06,Malta,COVID-19 vaccination to be open for public in coming weeks,-,Official Vaccine Policy,Media,https://www.maltatoday.com.mt/news/national/109540/covid19_vaccination_to_be_open_for_public_in_coming_weeks#.YOcTs2hKhnI,10/5/2021,English,8 Jul 2021,-
MAL07,Malta,Important Notice - Vaccines available for all from 1 July 2021,-,Official Vaccine Policy,Ngo,https://www.unhcr.org/mt/wp-content/uploads/sites/54/2021/07/Vaccine-availability-English.pdf,Unknown,English,8 Jul 2021,-
MAL08,Malta,Watch: Malta's vaccine certificate unveiled,-,Official Vaccine Policy,Media,https://timesofmalta.com/articles/view/watch-prime-minister-health-minister-to-hold-press-conference.875911,31/5/2021,English,8 Jul 2021,-
IRE01,Ireland,COVID-19 Vaccination Strategy,-,Official Vaccine Policy,Official National Document,https://www.gov.ie/en/publication/bf337-covid-19-vaccination-strategy-and-implementation-plan/,11/12/2020,English,6 Oct 2021,Ireland official national vaccination strategy
IRE02,Ireland,COVID-19 Vaccine Implementation Plan,-,National Implementation Plan,Official National Document,https://www.gov.ie/en/publication/bf337-covid-19-vaccination-strategy-and-implementation-plan/,11/12/2020,English,6 Oct 2021,-
IRE04,Ireland,"Vaccination Programme, Dáil Éireann Debate, Wednesday - 20 January 2021",-,Official Vaccine Policy,Other Government Communication,https://www.oireachtas.ie/en/debates/question/2021-01-20/507/?highlight%5B0%5D=undocumented#pq-answers-507,20/01/2021,English,6 Oct 2021,"Written reply by Irish Minister for Health to Deputy Holly Cairns explicitly assuring that undocumented people can safely access the vaccine: ""The HSE does not report undocumented migrants to immigration authorities. It is important that undocumented migrants are encouraged and facilitated to take-up the Covid-19 vaccine."""
IRE06,Ireland,Minister for Health announces National COVID-19 Vaccination Strategy,-,Official Vaccine Policy,Official National Document,https://www.gov.ie/en/press-release/c89a9-minister-for-health-announces-national-covid-19-vaccination-strategy/,5/03/2021 - last updated,English,14 Jun 2021,Initial document for the vaccine plan
IRE07,Ireland,"The Mater Hospital, HSE and Safetynet open a Covid-19 Community Assessment Hub aimed at caring for those experiencing homelessness and others unable to access treatment",-,National Implementation Plan,Other Government Communication,https://www.primarycaresafetynet.ie/assessmenthub,08/05/2021,English,14 Jun 2021,Article explains the launch of a Covid-Assessment Hub. Vaccines for homeless and undocumented.
IRE08,Ireland,Would they report me to immigration?' - Undocumented workers fear over getting the vaccine,-,Official Vaccine Policy,Media,https://www.newstalk.com/news/would-they-report-me-to-immigration-undocumented-workers-fear-over-getting-the-vaccine-1192793,11/05/2021,English,14 Jun 2021,Article highlighting fears from undocumented workers receiving a vaccine
IRE09,Ireland,Getting your COVID-19 vaccine,-,Vaccine Registration Website,Other Government Communication,https://www2.hse.ie/screening-and-vaccinations/covid-19-vaccine/get-the-vaccine/getting-your-vaccine/,13/06/2021 - last updated,English,14 Jun 2021,Official website to register for a vaccine
IRE13,Ireland,Data Protection: COVID-19 Vaccine Information System,-,Official Vaccine Policy,Other Government Communication,https://www.hse.ie/eng/gdpr/data-protection-covid-19/data-protection-covid-19-vaccine-information-system.html,-,English,2 Jul 2021,Webpage showing the data protection regarding the Covid-19 vaccine.
IRE15,Ireland,EU Digital COVID Certificate (DCC),-,Official Vaccine Policy,Other Government Communication,https://www.citizensinformation.ie/en/travel_and_recreation/travel_abroad/digital_covid_certificate.html,-,English,5 Jul 2021,Digital Covid vaccine certificates and what they entail
UK03,United Kingdom,NHS entitlements: migrant health guide,-,Official Vaccine Policy,Official National Document,https://www.gov.uk/guidance/nhs-entitlements-migrant-health-guide,08/04/2021 - last updated,English,22 Jun 2021,Document providing guidance for practitioners on the health needs of migrants (including stating that personal data can only be shared with the Home Office in the interests of the individual's welfare).
UK04,United Kingdom,UK COVID-19 vaccines delivery plan,-,National Implementation Plan,Official National Document,https://www.gov.uk/government/publications/uk-covid-19-vaccines-delivery-plan/uk-covid-19-vaccines-delivery-plan,13/01/2021 - last updated,English,22 Jun 2021,"Delivery plan as it was at the beginning of January (including info. on how the ""National Booking Service"" would work and utilise GP records)."
UK09,United Kingdom,"Maximising vaccine uptake in underserved communities: a framework for systems, sites and local authorities leading vaccination delivery",-,National Implementation Plan,Official National Document,https://www.england.nhs.uk/coronavirus/wp-content/uploads/sites/52/2021/03/C1226-maximising-vaccine-uptake-in-underserved-communities-a-framework-.pdf,26/03/2021,English,24 Jun 2021,Numerous strategies for improving uptake but no specific strategies for undocumented migrants.
UK14,United Kingdom,How to register with a doctor (GP),-,Official Vaccine Policy,Official National Document,https://www.nhs.uk/NHSEngland/AboutNHSservices/doctors/Documents/how-to-register-with-a-gp-leaflet.pdf,-,English,24 Jun 2021,Information on why GP surgeries can and cannot refuse to register new patients.
UK15,United Kingdom,Answers to questions for DHSC from MPs,-,Official Vaccine Policy,Other Government Communication,https://www.parallelparliament.co.uk/dept/DHSC/search?search_term=undocumented+vaccine&department=DepartmentofHealth_SocialCare&order_field=relevance&document_type=writtenanswers,Various,English,24 Jun 2021,"States that unregistered individuals would be contacted through ""various appropriate local systems"" by regional NHS teams."
UK17,United Kingdom,NHS walk-in vaccination sites open up in ‘Grab A Jab’ weekend,-,National Implementation Plan,Other Government Communication,https://www.england.nhs.uk/2021/06/nhs-walk-in-vaccination-sites-open-up-in-grab-a-jab-weekend/,25/06/2021,English,2 Jul 2021,-
UK18,United Kingdom,Everyone is welcome in General Practice,-,Official Vaccine Policy,-,https://www.england.nhs.uk/blog/everyone-is-welcome-in-general-practice/,17/02/2021,English,2 Jul 2021,-
UK19,United Kingdom,Minister for COVID Vaccine Deployment statement on coronavirus (COVID-19): 23 June 2021,-,Official Vaccine Policy,Other Government Communication,https://www.gov.uk/government/speeches/minister-for-covid-vaccine-deployment-statement-on-coronavirus-covid-19-23-june-2021,23/06/2021,English,5 Jul 2021,-
UK20,United Kingdom,Budget 2021,-,Official Vaccine Policy,Official National Document,https://assets.publishing.service.gov.uk/government/uploads/system/uploads/attachment_data/file/966869/Budget_2021_Print.pdf,03/03/2021,English,5 Jul 2021,-
UK21,United Kingdom,Illegal immigrants to be given Covid vaccines without checks on status,-,Official Vaccine Policy,Media,https://www.itv.com/news/2021-02-08/illegal-immigrants-to-be-given-covid-vaccines-without-checks-on-status,08/02/2021,English,5 Jul 2021,-
UK22,United Kingdom,Covid-19 vaccines - Frequently asked questions,-,Official Vaccine Policy,Other Government Communication,https://healthmedia.blog.gov.uk/2021/06/25/covid-19-vaccines-frequently-asked-questions/,25/06/2021,English,5 Jul 2021,-
UK23,United Kingdom,Summary Care Record application coronavirus (COVID-19) vaccination event data sharing transparency notice,-,Official Vaccine Policy,Other Government Communication,https://digital.nhs.uk/services/summary-care-record-application/summary-care-record-application-coronavirus-covid-19-vaccination-event-data-sharing-transparency-notice,26/05/2021 - last updated,English,5 Jul 2021,-
UK24,United Kingdom,Coronavirus (COVID-19) vaccines,-,Official Vaccine Policy,Other Government Communication,https://www.nhs.uk/conditions/coronavirus-covid-19/coronavirus-vaccination/coronavirus-vaccine/,24/06/2021 - last updated,English,5 Jul 2021,-
UK25,United Kingdom,Who can get a coronavirus (COVID-19) vaccine,-,Official Vaccine Policy,Other Government Communication,https://www.nhs.uk/conditions/coronavirus-covid-19/coronavirus-vaccination/who-can-get-the-vaccine/,24/06/2021 - last updated,English,5 Jul 2021,-
UK26,United Kingdom,Covering letter for consent form for social care staff,-,Official Vaccine Policy,Other Government Communication,https://assets.publishing.service.gov.uk/government/uploads/system/uploads/attachment_data/file/955720/Letter_template_for_frontline_SCS_v2.docx,14/01/2021,English,5 Jul 2021,-
UK27,United Kingdom,Government report shows improving vaccine confidence among ethnic minority groups,-,Official Vaccine Policy,Other Government Communication,https://www.gov.uk/government/news/government-report-shows-improving-vaccine-confidence-among-ethnic-minority-groups,25/05/2021,English,5 Jul 2021,-
UK28,United Kingdom,Demonstrating your COVID-19 vaccination status,-,Official Vaccine Policy,Other Government Communication,https://www.gov.uk/guidance/demonstrating-your-covid-19-status,21/06/2021 - last updated,English,5 Jul 2021,-
UK29,United Kingdom,14a COVID-19 - SARS-CoV-2,-,Official Vaccine Policy,Official National Document,https://assets.publishing.service.gov.uk/government/uploads/system/uploads/attachment_data/file/1007737/Greenbook_chapter_14a_30July2021.pdf,30/07/2021 - last updated,English,2 Aug 2021,-
UK30,United Kingdom,COVID-19: Vaccine rollout in English prisons to begin today,-,Official Vaccine Policy,Media,https://news.sky.com/story/covid-19-vaccine-rollout-in-english-prisons-to-begin-today-12201902,29/01/2021,English,2 Aug 2021,-
GRE01,Greece,Εθνικό Επιχειρησιακό Σχέδιο Εμβολιασμού κατά της COVID-19,National Vaccination Operational Plan against COVID-19,Official Vaccine Policy,Official National Document,https://emvolio.gov.gr/sites/default/files/ethniko_epiheirisiako_shedio_emvoliasmon_kata_toy_covid-19_v6.1_1.pdf?t=1,27/12/2020 (?),Greek,14 Jun 2021,National Vaccination Campaign for covid-19
GRE02,Greece,"Έναρξη εμβολιασμών μεταναστών στα ΚΥΤ Χίου, Λέσβου και Σάμου","Commencement of COVID-19 vaccination program in RICs of Chios, Lesvos and Samos",Official Vaccine Policy,Official National Document,https://eody.gov.gr/enarxi-emvoliasmon-metanaston-sta-kyt-chioy-lesvoy-kai-samoy/,03/06/2021,Greek,14 Jun 2021,Vaccinations take place in three refugee camps in the islands
GRE05,Greece,Ν. Μηταράκης: Θα εμβολιαστούν κανονικά κατά του κορονοϊού πρόσφυγες και μετανάστες,N. Mitarakis: Refugees and immigrants will be vaccinated against the coronavirus,National Implementation Plan,Media,https://www.capital.gr/epikairotita/3525763/n-mitarakis-tha-emboliastoun-kanonika-kata-tou-koronoiou-prosfuges-kai-metanastes,15/02/2021,Greek,23 Jun 2021,"Minister of Migration said that refugees, migrants and asylum seekers will be vaccinated against the coronavirus. ""They will be vaccinated normally according to their age groups. Everyone has a social security number."""
GRE09,Greece,Αίτηση απόκτησης προσωρινού ΑΜΚΑ,"Temporary Social Security Number (SSN, AMKA) application",Vaccine Registration Website,Registration Website,https://emvolio.gov.gr/en/pamka,?,Greek,23 Jun 2021,-
GRE14,Greece,Ανακοίνωση ΔΟΜ για τον εμβολιασμό στις ανοιχτές δομές φιλοξενίας μεταναστών / αιτούντων άσυλο,IOM announcement for vaccination in open accommodation structures for migrants / asylum seekers,Official Vaccine Policy,Ngo,https://greece.iom.int/el/news/%CE%B1%CE%BD%CE%B1%CE%BA%CE%BF%CE%AF%CE%BD%CF%89%CF%83%CE%B7-%CE%B4%CE%BF%CE%BC-%CE%B3%CE%B9%CE%B1-%CF%84%CE%BF%CE%BD-%CE%B5%CE%BC%CE%B2%CE%BF%CE%BB%CE%B9%CE%B1%CF%83%CE%BC%CF%8C-%CF%83%CF%84%CE%B9%CF%82-%CE%B1%CE%BD%CE%BF%CE%B9%CF%87%CF%84%CE%AD%CF%82-%CE%B4%CE%BF%CE%BC%CE%AD%CF%82-%CF%86%CE%B9%CE%BB%CE%BF%CE%BE%CE%B5%CE%BD%CE%AF%CE%B1%CF%82-%CE%BC%CE%B5%CF%84%CE%B1%CE%BD%CE%B1%CF%83%CF%84%CF%8E%CE%BD-%CE%B1%CE%B9%CF%84%CE%BF%CF%8D%CE%BD%CF%84%CF%89%CE%BD-%CE%AC%CF%83%CF%85%CE%BB%CE%BF,27/05/2021,Greek,23 Jun 2021,-
GRE17,Greece,"Homeless, migrants, Roma without access to Covid-19 vaccination",-,National Implementation Plan,Media,https://www.ekathimerini.com/news/261324/homeless-migrants-roma-without-access-to-covid-19-vaccination/,18/01/2021,English,23 Jun 2021,-
GRE22,Greece,Ξεκινούν οι εμβολιασμοί στις 27 Δεκεμβρίου,Vaccinations begin on December 27,National Implementation Plan,Media,https://www.kathimerini.gr/politics/561199903/mitsotakis-26-dekemvrioy-stin-ellada-ta-emvolia-27-oi-emvoliasmoi/,18/12/2021,Greek,6 Jul 2021,Greek PM announces the rollout of the first vaccinations in Greece
GRE23,Greece,Χωρίς δικαίωμα εμβολιασμού οι άνθρωποι δίχως χαρτιά στην Ελλάδα,People without papers in Greece without the right to vaccination,Official Vaccine Policy,Media,https://www.news247.gr/koinonia/choris-dikaioma-emvoliasmoy-oi-anthropoi-choris-chartia-stin-ellada.9274884.html?fbclid=IwAR1TmyJoAt2hEMi9OGoHnTa0mCInbV6F1kIKMkIqFwzahLqg-xDfBJ38BXc,26/06/2021,Greek,6 Jul 2021,-
GRE25,Greece,Σύσταση Εθνικού Μητρώου Εμβολιασμών,Establishment of a National Vaccination Register,National Implementation Plan,Official National Document,https://www.nomotelia.gr/photos/File/4792b-20.pdf,30/10/2020,Greek,7 Jul 2021,-
GRE26,Greece,COVID-19 Vaccination,-,Vaccine Registration Website,Registration Website,https://emvolio.gov.gr/en,-,English,7 Jul 2021,-
GRE28,Greece,Θολά νερά με τους εμβολιασμούς προσφύγων και μεταναστών,Cloudy waters with vaccinations for refugees and migrants,National Implementation Plan,Media,https://wearesolomon.com/mag/lab-el/thola-nera-me-tous-emvoliasmous-prosfygwn-kai-metanastwn/?lang=el&fbclid=IwAR3WLCHHuPFRXgM6rVkEVPxn3hX9TkZ0vaAQHqg84rGKNDZEML1DKZj5iUM,06/07/2021,Greek,7 Jul 2021,"While research showed that the risk of coronavirus among asylum seekers in the camps was up to three times higher than for the general population, the government made it clear that vaccination was ""not a priority"". And while recently admitting that 30% have already contracted the disease, it avoids answering the key question: what will happen to vaccinate the undocumented?"
GRE29,Greece,About Coronavirus,-,Official Vaccine Policy,Ngo,https://help.unhcr.org/greece/coronavirus/#Vaccination,-,English,7 Jul 2021,-
GRE30,Greece,Επιχειρησιακό Σχέδιο Δράσης Εμβολιασμών κατά του COVID -19 στα Καταστήματα Κράτησης,Operational Plan for COVID -19 Vaccination Action Plan in Detention Facilities,National Implementation Plan,Other Government Communication,http://www.mopocp.gov.gr/index.php?option=ozo_content&perform=view&id=7426&Itemid=722&lang=,01/07/2021,Greek,7 Jul 2021,-
GRE31,Greece,Χωριστό κονδύλι για τα εμβόλια προβλέπει ο προϋπολογισμός,Separate budget allocation for vaccines,National Implementation Plan,Media,https://www.capital.gr/oikonomia/3485723/xoristo-konduli-gia-ta-embolia-problepei-o-proupologismos,06/10/2020,Greek,7 Jul 2021,-
GRE32,Greece,Σοβαρά εμπόδια στον εμβολιασμό των αστέγων,Serious obstacles to vaccination of homeless people,National Implementation Plan,Media,https://virus.com.gr/emvoliasmos-astegon-dyskolies-kai-eykairies-entaxis-ston-koinoniko-isto/,02/06/2021,Greek,7 Jul 2021,-
GRE33,Greece,ΟΔΗΓΙΕΣ ΕΜΒΟΛΙΑΣΜΟΥ ΕΝΑΝΤΙ ΤΟΥ ΙΟΥ SARS-CoV-2-,INSTRUCTIONS FOR VACCINATION AGAINST SARS-CoV-2-virus,National Implementation Plan,Official National Document,https://www.moh.gov.gr/articles/health/dieythynsh-dhmosias-ygieinhs/emboliasmoi/ekpaideytiko-yliko-gia-emboliasmoys-covid19/8253-odhgies-emboliasmoy-enanti-toy-ioy-sars-cov-2,../05/2021,Greek,7 Jul 2021,-
GRE34,Greece,Λειτουργία του Συστήματος και της Πλατφόρμας Διαχείρισης Συνεδριών Εμβολιασμού κατά του κορονοϊού SARS –COV2,Operation of the SARS -COV2 Coronavirus Vaccination Session Management System and Platform,Vaccine Registration Website,Registration Website,https://covid19.gov.gr/leitourgia-tou-systimatos-kai-tis-platformas-diacheirisis-synedrion-emvoliasmou-kata-tou-koronoiou-sars-cov2/,05/01/2021,Greek,7 Jul 2021,-
GRE35,Greece,Εμβολιασμός: Προβληματισμός για μετανάστες χωρίς χαρτιά,Vaccination: concerns about undocumented migrants,National Implementation Plan,Media,https://www.kathimerini.gr/society/561435172/emvoliasmos-provlimatismos-gia-metanastes-choris-chartia/,16/07/2021,Greek,8 Aug 2021,-
GRE36,Greece,Ερωτήσεις / Απαντήσεις για τον Εμβολιασμό του πληθυσμού απέναντι στον Covid-19,Covid-19 Vaccination Questions / Answers,Vaccine Registration Website,Registration Website,https://emvolio.gov.gr/syxnes-erotiseis,17/06/2021 UPDATED,Greek,8 Aug 2021,-
GRE37,Greece,COVID-19 Vaccination Program - Procedure for Issuing a Temporary AMKA,-,Vaccine Registration Website,Registration Website,https://emvolio.gov.gr/sites/default/files/attachments/pamka_presentation_en.pdf,-,English,8 Aug 2021,-
GRE38,Greece,Λειτουργία Εμβολιαστικών Κέντρων,Operation of Vaccination Centres,National Implementation Plan,Official National Document,-,-,Greek,9 Aug 2021,-
GRE39,Greece,Βεβαίωση εμβολιασμού κατά του κορωνοϊού COVID-19,Certificate of vaccination against coronavirus COVID-19,National Implementation Plan,Registration Website,https://www.gov.gr/ipiresies/ugeia-kai-pronoia/koronoios-covid-19/pistopoietiko-emboliasmou,-,Greek,9 Aug 2021,-
GRE40,Greece,Συχνές Ερωτήσεις – Απαντήσεις,Frequently Asked Questions - Answers about Certificate of vaccination against Covid-19,National Implementation Plan,Registration Website,https://info.services.gov.gr/artifact-distribution/Faq_bebaiwsi_emboliasmou_2_3_2021.pdf,01/07/2021 last update,Greek,9 Aug 2021,-
GRE41,Greece,Πιστοποιητικό εμβολιασμού: Σε εφαρμογή από 1η Ιουλίου – Τι θα χρειαστείτε για την έκδοσή του,Vaccination certificate: Effective from 1 July - What you will need to obtain it,Vaccine Registration Website,Media,https://www.newmoney.gr/roh/palmos-oikonomias/ellada/pistopiitiko/,30/06/2021,Greek,9 Aug 2021,-
SPA02,Spain,El reto de los 'invisibles': así vacuna España a personas sin regularizar -Las comunidades autónomas urden planes para inmunizar a inmigrantes no reglados,Vaccination irregular migrants- Regional and National Goverments,National Implementation Plan,Ngo,https://www.redaccionmedica.com/secciones/sanidad-hoy/covid-vacuna-espana-personas-sin-regularizar-6224,23/05/2021,Spanish,2 Jul 2021,Medical association report on the plans for vaccination strategy for undocumented inmigrants and assylum seekers
SPA03,Spain,Estrategia Nacional de vacunación,National Strategy-Vaccination Covid 19,Official Vaccine Policy,Official National Document,https://www.vacunacovid.gob.es/,update 21/5/2021,Spanish,2 Jul 2021,Report on official advice for vaccination policy
SPA04,Spain,Programa Nacional de Vacunacion Covid-19- Website con informacion,Website-Information- National Program Vaccination Covid 19,National Implementation Plan,Official National Document,https://www.mscbs.gob.es/profesionales/saludPublica/ccayes/alertasActual/nCov/vacunaCovid19.htm,02/06/2021,Spanish,2 Jul 2021,Official Website with information about the vaccination plans and implementation policies
SPA05,Spain,Actualizacion del programa nacional de Vacunacion,Update pdf- Tecnical Report- Vaccination National Strategy,National Implementation Plan,Official National Document,https://www.mscbs.gob.es/profesionales/saludPublica/prevPromocion/vacunaciones/covid19/docs/COVID-19_Actualizacion7_EstrategiaVacunacion.pdf,update 21/05/3021,Spanish,2 Jul 2021,Technical Document from the National Program to register vaccinations
SPA06,Spain,Preguntas y respuestas vacunación,Questions and Answers-Vacccination Strategy,Official Vaccine Policy,Other Government Communication,https://www.vacunacovid.gob.es/preguntas-y-respuestas,-,Spanish,2 Jul 2021,Questions and Answers-Vaccination
SPA12,Spain,El reto de inmunizar a quien está fuera del sistema sanitario,The challenge of vaccinating those outside the health system,National Implementation Plan,Media,https://www.publico.es/sociedad/vacunacion-migrantes-irregulares-reto-inmunizar-fuera-sistema-sanitario.html,-,Spanish,4 Jul 2021,The challenge of immunizing those who are outside the health system
SPA13,Spain,Rueda de Prensa-Gobierno de Espana: Actualizacion del plan de vacunacion,Spanish Goverment-Press Conference Update-Vaccination Plan,National Implementation Plan,Media,https://www.europapress.es/nacional/noticia-pedro-sanchez-comparece-moncloa-consejo-ministros-informar-plan-vacunacion-20210406110613.html,06/04/2021,Spanish,4 Jul 2021,Press conference to explain the Vaccination Plan
SPA17,Spain,PRESENTACIÓN DEL PROYECTO DE PRESUPUESTOS GENERALES DEL ESTADO 2021,Presentation of the general national budget proyects 2021,National Implementation Plan,Official National Document,https://www.sepg.pap.hacienda.gob.es/sitios/sepg/es-ES/Presupuestos/PGE/PGE2021/Documents/LIBROAMARILLO2021.pdf,no date,Spanish,24 Aug 2021,Ministry of Economy national budget for 2021
SPA18,Spain,Estrategia de vacunación frente a COVID19 en España,Vaccination strategy against COVID-19 in Spain (1st release),National Implementation Plan,Official National Document,https://www.mscbs.gob.es/profesionales/saludPublica/prevPromocion/vacunaciones/covid19/docs/COVID-19_EstrategiaVacunacion.pdf,02/12/2020,Spanish,24 Aug 2021,"First version of the strategy, includes prioritisation order for vaccination"
SPA19,Spain,¿Qué es el Certificado COVID Digital UE? ¿Cómo funciona?,What is the digital COVID certificate? How does it work?,National Implementation Plan,Other Government Communication,https://www.vacunacovid.gob.es/preguntas-y-respuestas/que-es-el-certificado-covid-digital-ue-como-funciona,01/07/2021,Spanish,24 Aug 2021,-
SPA20,Spain,Preguntas frecuentes sobre el Certificado Covid Digital de la UE,Frequently asked questions on the EU digital Covid certificate,National Implementation Plan,Other Government Communication,https://sede.mscbs.gob.es/ccd/faq.htm,12/07/2021 (last update),Spanish,31 Aug 2021,-
SPA21,Spain,-,REPORT FROM THE STATE LEGAL SERVICE (DETACHED DEPARTMENT OF THE SLS AT THE SPANISH DPA) ON PROCESSING ACTIVITIES RELATING TO THE OBLIGATION FOR CONTROLLERS FROM PRIVATE COMPANIES AND PUBLIC ADMINISTRATIONS TO REPORT ON WORKERS SUFFERING FROM COVID-19,Official Vaccine Policy,Other Government Communication,https://www.aepd.es/es/documento/2020-0017-en.pdf,12/03/2020,English,30 Sep 2021,"While the document is specific to reporting workers who suffer from COVID-19, it includes some general data processing safeguards relating to personal data. Press release to accompany it https://www.aepd.es/en/prensa-y-comunicacion/notas-de-prensa/the-aepd-has-published-a-report-on-data-processing-activities-in"
NET01,Netherlands,COVID-19-vaccinatie,COVID-19 vaccination,National Implementation Plan,Official National Document,https://lci.rivm.nl/richtlijnen/covid-19-vaccinatie,11/06/2021,Dutch,14 Jun 2021,National implementation plan for Covid-19 vaccinations
NET02,Netherlands,Vaccinatiestrategie: stroomschema,Vaccination strategy: flowchart,National Implementation Plan,Official National Document,https://www.rijksoverheid.nl/documenten/publicaties/2021/02/23/vaccinatiestrategie,23/02/2021,Dutch,14 Jun 2021,Vaccination strategy flowchart
NET08,Netherlands,Kamerbrief met stand van zaken COVID-19 (mei 2021),Letter to the House of Representatives on COVID-19 policy,National Implementation Plan,Other Government Communication,https://www.rijksoverheid.nl/regering/bewindspersonen/hugo-de-jonge/documenten/kamerstukken/2021/05/12/stand-van-zakenbrief-covid-19,11/05/2021,Dutch,16 Jun 2021,"Letter from the Minister of Health, Welfare and Sport on policy related to Covid-19 (relevant info on page 99-100)"
NET13,Netherlands,Uitvoering Vaccinatiestrategie COVID-19,Vaccination strategy implementation Covid-19,National Implementation Plan,Other Government Communication,https://www.tweedekamer.nl/kamerstukken/detail?id=2021D20904&did=2021D20904,02/06/2021,Dutch,2 Jul 2021,Technical briefing from the director of the Covid-19 vaccination programme
NET14,Netherlands,"Verslag van een technische briefing, gehouden op 2 juni 2021, over update coronavirus","Meeting minutes of technical briefing on June 2 2021, about an update on the coronavirus",National Implementation Plan,Other Government Communication,https://www.tweedekamer.nl/kamerstukken/detail?id=2021Z11064&did=2021D24020,17/06/2021,Dutch,2 Jul 2021,Meeting minutes from technical briefing about the rollout of the vaccination programme on the 2nd of June
NET15,Netherlands,Voorjaarsnota 2021,Spring budget 2021,Official Vaccine Policy,Other Government Communication,https://www.tweedekamer.nl/kamerstukken/brieven_regering/detail?id=2021Z08786&did=2021D19342,28/05/2021,Dutch,5 Jul 2021,"Government budget report spring 2021. Categorised as official vaccine policy, but it's really just the overall budget for the government."
NET16,Netherlands,Privacyverklaring Covid-19 vaccinatieprogramma,Privacy statement Covid-19 vaccination programme,Official Vaccine Policy,Official National Document,https://www.rivm.nl/documenten/privacyverklaring-covid-19-vaccinatie,07/04/2021,Dutch,29 Jul 2021,Privacy statement addressing privacy concerns around receiving the vaccine.
NET17,Netherlands,Problemen met digitale middelen en andere vragen over coronabewijzen,Poblems with digital methods and other questions about covid pass,National Implementation Plan,Other Government Communication,https://www.rijksoverheid.nl/onderwerpen/coronavirus-covid-19/coronabewijs/hulp-en-vragen-over-coronabewijs,N/A,Dutch,3 Aug 2021,This page answers questions about access to the certificate of vaccination
NET18,Netherlands,Krijg toegang met een papieren bewijs,Get access with a paper pass,National Implementation Plan,Other Government Communication,https://coronacheck.nl/nl/print/,N/A,Dutch,3 Aug 2021,This is a page for requesting a paper copy of a vaccination certificate
NET19,Netherlands,Vaccination against corona: get informed,-,National Implementation Plan,Other Government Communication,https://www.rijksoverheid.nl/onderwerpen/coronavirus-vaccinatie/feiten-over-coronavaccinatie,no date,"Dutch, English",3 Sep 2021,-
NET20,Netherlands,Corona vaccination: means of communication,-,National Implementation Plan,Other Government Communication,https://www.rijksoverheid.nl/onderwerpen/coronavirus-vaccinatie/coronavaccinatie-communicatiemiddelen,no date,"Dutch, English",3 Sep 2021,-
DEN01,Denmark,Organisation af vaccinationsindsatsen (4. maj),Organisation of the implementation of the vaccination strategy,National Implementation Plan,Official National Document,https://www.sst.dk/-/media/Udgivelser/2021/Corona/Vaccination/Organisering-af-vaccinationsindsatsen-mod-COVID-19---udrulning_5_-februar-2021.ashx?la=da&hash=EEF79505F6ED87314714A2994B5A927774CB8FA9,04/05/2021,Danish,-,-
DEN03,Denmark,-,The Danish Vaccination Programme Against COVID-19,Official Vaccine Policy,Official National Document,https://www.sst.dk/-/media/English/Publications/2021/Corona/Vaccination/The-Danish-Vaccination-Programme-Against-COVID-19.ashx?la=en&hash=C5AC701C8D17412ABA3B1871CF2BF2B90B1353E4,01/02/2021,English,22 Jun 2021,-
DEN04,Denmark,Velkommen til vacciner.dk,Welcome to vacciner.dk,Vaccine Registration Website,Registration Website,https://www.vacciner.dk/Home/Welcome,N/A,"Danish, English",22 Jun 2021,-
DEN05,Denmark,Who are offered vaccination?,Who are offered vaccination?,Official Vaccine Policy,Other Government Communication,https://www.sst.dk/en/English/Corona-eng/Vaccination-against-COVID-19/Who-should-be-vaccinated,07/06/2021,English,22 Jun 2021,-
DEN07,Denmark,Vaccination against Covid-19,-,-,-,https://www.sst.dk/-/media/English/Publications/2021/Corona/Vaccination/Vaccination_accessible-EN.ashx?la=en&hash=48F7C36749F897CF57C0E0FFF9733EF042B49B5B,06/04/2021,-,28 Jun 2021,-
DEN08,Denmark,Film - can you trust what you read about COVID-19 vaccines?,-,Vaccine Registration Website,-,https://www.sst.dk/en/english/publications/2021/film---can-you-trust-what-you-read-about-covid-19-vaccines,15/01/2021,English,28 Jun 2021,-
DEN09,Denmark,Information om behandling af personoplysninger (document uploaded to website/file DEN03),Information regarding treatment of personal data,Vaccine Registration Website,-,https://www.vacciner.dk/lib/Vaccine_covid-19_Information_om_behandling_af_personoplysninger.pdf,15/04/2021,Danish,28 Jun 2021,-
DEN10,Denmark,Corona passport – where and how?,-,National Implementation Plan,Other Government Communication,https://en.coronasmitte.dk/corona-passport,no date,English,24 Aug 2021,-
DEN11,Denmark,Pamphlet with information on vaccination against COVID-19.,-,National Implementation Plan,Other Government Communication,https://www.sst.dk/en/English/publications/2021/Vaccination-against-COVID-19---pamphlet,31 Aug 2021,English,3 Sep 2021,-
FRA01,France,La stratégie vaccinale et la liste des publics prioritaires,Vaccination strategy and list of priority people - Ministry of Solidarity and Health,Official Vaccine Policy,Official National Document,https://solidarites-sante.gouv.fr/grands-dossiers/vaccin-covid-19/publics-prioritaires-vaccin-covid-19,04/12/2020,French,14 Jun 2021,National strategy for the vaccination
FRA03,France,Vaccin contre la Covid-19 : quelles sont les règles ?,Vaccination against Covid-19: what are the rules?,Official Vaccine Policy,Other Government Communication,https://www.service-public.fr/particuliers/vosdroits/F35611,15/06/2021,French,22 Jun 2021,"Explains the process of the vaccination (who, where, how much, ...) with links to other information"
FRA04,France,Covid-19 : qui peut se faire vacciner et où ?,Covid-19: Who can be vaccinated and where?,Official Vaccine Policy,Other Government Communication,https://www.service-public.fr/particuliers/actualites/A14722,15/06/2021,French,22 Jun 2021,"There's a note mentioning that from 28 January 2021, foreigners and homeless persons without health insurance can get vaccinated"
FRA05,France,Covid-19 : comment se déroule la vaccination des étrangers en France ?,Covid-19: how is the rollout of the vaccination for foreigners in France?,National Implementation Plan,Media,https://www.liberation.fr/checknews/2021/01/28/covid-19-comment-se-deroule-la-vaccination-des-etrangers-en-france_1818586/,28/01/2021,French,22 Jun 2021,"News article explaining the vaccination strategy for foreigners, including undocumented and that they do not need to show an insurance card"
FRA07,France,Décret n° 2020-1833 du 31 décembre 2020 modifiant le décret n° 2020-73 du 31 janvier 2020 portant adoption de conditions adaptées pour le bénéfice des prestations en espèces pour les personnes exposées au coronavirus,Order n° 2020-1833 of 31 December 2020 modifying decree n° 2020--73 of 31 January 2020 on the adoption of adapted conditions to benefit the prestations given to people exposed by coronavirus,Official Vaccine Policy,Official National Document,https://www.legifrance.gouv.fr/jorf/id/JORFTEXT000042845695,01/01/2021,French,22 Jun 2021,"This decree states that the vaccination for covid-19 is free for all citizens, even people without health insurance"
FRA08,France,Stratégie de vaccination contre le Sars-Cov-2 - Recommandations préliminaires sur la stratégie de priorisation des populations à vacciner,Vaccination strategy against Sars-Cov-2 - preliminary recommendations on the strategy about prioritizing the population to vaccinate,Official Vaccine Policy,Official National Document,https://www.has-sante.fr/jcms/p_3221338/fr/strategie-de-vaccination-contre-le-sars-cov-2-recommandations-preliminaires-sur-la-strategie-de-priorisation-des-populations-a-vacciner#ancreDocAss,27/11/2020,French,4 Jul 2021,Vaccination strategy outlining the different phases of population who will be prioritized for the vaccination.
FRA09,France,Foire aux questions : la stratégie de vaccination,FAQ: vaccination strategy,National Implementation Plan,Other Government Communication,https://solidarites-sante.gouv.fr/grands-dossiers/vaccin-covid-19/je-suis-un-particulier/article/foire-aux-questions-la-strategie-de-vaccination,16/12/2020,French,5 Jul 2021,-
FRA10,France,Affichette A4 - Je me pose des questions sur la vaccination contre la Covid-19,Flyer A4 - I am asking myself questions about Covid-19 vaccination,National Implementation Plan,Other Government Communication,https://solidarites-sante.gouv.fr/grands-dossiers/vaccin-covid-19/je-suis-un-professionnel-de-sante-du-medico-social-et-du-social/article/supports-d-information-pour-les-publics-et-les-professionnels-concernes-par-la,04/02/2021,French,5 Jul 2021,-
FRA13,France,"Olivier Dussopt : la campagne de tests et de vaccination coûtera ""10 milliards d'euros en 2021""","Olivier Dussopt: both the track and trace and vaccination campaign will cost ""10 billion euros in 2021""",National Implementation Plan,Media,https://www.sudradio.fr/economie/olivier-dussopt-la-campagne-de-tests-et-de-vaccination-coutera-10-milliards-deuros-en-2021/,25/01/2021,French,31 Jul 2021,The article has a quote from Olivier Dussopt (the Minister of Public Action and Accounts) who acknowledges that the cost of the vaccination could be around 5 billion euros.
FRA14,France,La stratégie vaccinale contre la Covid-19,Vaccination strategy against Covid-19,National Implementation Plan,Official National Document,http://www.senat.fr/rap/r20-234/r20-234.html,15/12/2020,French,1 Aug 2021,Report made by senators and deputies about the vaccination strategy for Covid-19
FRA15,France,Covid-19 : une attestation de vaccination certifiée remise par le professionnel de santé,Covid-19: a vaccination certificate delivered by a health professional,Official Vaccine Policy,Other Government Communication,https://www.ameli.fr/assure/actualites/covid-19-une-attestation-de-vaccination-certifiee-remise-par-le-professionnel-de-sante,03/05/2021,French,3 Sep 2021,It shows how the vaccination certificate would look like and that a printed version can be delivered by an health worker
FRA16,France,Loi du 14 décembre 2020 de financement de la sécurité sociale pour 2021,Law of 14 December 2020 about budget of the social security system for 2021,National Implementation Plan,Other Government Communication,https://www.vie-publique.fr/loi/276423-loi-14-decembre-2020-financement-securite-sociale-2021-plfss-budget-secu#top,15/12/2020,French,31 Jul 2021,There's a brief mention about how much money (1.5 billion €) will be allocated to buy the vaccines.
POR01,Portugal,Plano de Vacinação COVID-19,Vaccination Plan,Official Vaccine Policy,Official National Document,https://covid19.min-saude.pt/wp-content/uploads/2020/12/PLANO-VACINAC%CC%A7A%CC%83O_20201203.pdf,03/12/2020,Portuguese,19 Jun 2021,First vaccination plan released in Dec 2020. It says the vaccine will be available for all Portugal residents.
POR02,Portugal,Vacina COVID-19 - Pedido de Agendamento,Registration website,Vaccine Registration Website,Registration Website,https://covid19.min-saude.pt/pedido-de-agendamento/,22/04/2021,Portuguese,19 Jun 2021,Registration website for get the vaccine
POR09,Portugal,"Governo e task force avaliam ""forma mais rápida"" de vacinar imigrantes ilegais",Government discusses the fastest way to offer a COVID-19 jab to illegal immigrants,National Implementation Plan,Media,https://www.dn.pt/sociedade/governo-e-task-force-avaliam-forma-mais-rapida-de-vacinar-imigrantes-ilegais-13834306.html,14/06/2021,Portuguese,19 Jun 2021,News article - Government discusses the fastest way to offer a COVID-19 jab to illegal immigrants
POR10,Portugal,Vacinacao Nao Utente,Registration website for undocumented people,Vaccine Registration Website,Registration Website,https://servicos.min-saude.pt/covid19/vacinacao-nao-utente,-,Portuguese,19 Jun 2021,Registration website for who does not have a public health registration number
POR13,Portugal,Atualização do Plano de Vacinação contra a COVID-19,Vaccination Plan - Update Jan-2021,Official Vaccine Policy,Official National Document,https://www.sns.gov.pt/wp-content/uploads/2021/01/Apresentacao_PlanoVacinacao_2020.01.28_VFINAL.pdf,28/01/2021,Portuguese,19 Jun 2021,Vaccination Plan - Update - Jan 2021 - document
POR16,Portugal,Orientações para respostas e intervenção com Pessoas em situação de sem-abrigo,Guidelines for responses and intervention with Homeless People,National Implementation Plan,Media,http://www.enipssa.pt/documents/10180/11876/COVID-19++Medidas+Espec%C3%ADficas+para+Pessoas+em+Situa%C3%A7%C3%A3o+Sem+Abrigo/4360032f-2e6e-4beb-a791-dcd0ccb54401,-,Portuguese,19 Jun 2021,Guidelines for social workers responses to homeless people
POR18,Portugal,Apresentação do plano de vacinação para a Covid-19,Vaccination plan announcement - press conference - video,Official Vaccine Policy,Other Government Communication,https://www.portugal.gov.pt/pt/gc22/comunicacao/multimedia?m=v&i=apresentacao-do-plano-de-vacinacao-para-a-covid-19,-,Portuguese,19 Jun 2021,Press conference (video): Government announces the vaccination plan
POR19,Portugal,Perguntas frequentes,Official FAQ,Official Vaccine Policy,Official National Document,https://covid19.min-saude.pt/perguntas-frequentes/,-,Portuguese,19 Jun 2021,FAQ in the official website
POR20,Portugal,Despacho n.º 3906/2021,Dispatch n.º 3906/2021,Official Vaccine Policy,Official National Document,https://dre.pt/application/file/a/161681400,-,Portuguese,3 Aug 2021,It's an official government notice about changes to the task force tasked with the elaboration of the national vaccination plan
POR21,Portugal,Certificado Digital COVID,Digital COVID certificate,Official Vaccine Policy,Official National Document,https://www.sns24.gov.pt/certificado-digital-covid/#aceder,-,Portuguese,3 Aug 2021,it's the website where one can access the digital certificate of vaccination against COVID-19
CZE02,Czechia,Očkování cizích státních příslušníků,Vaccination for foreign nationals,Vaccine Registration Website,Registration Website,cz: https://covid.gov.cz/situace/registrace-na-ockovani/ockovani-cizich-statnich-prislusniku en: https://covid.gov.cz/en/situations/register-vaccination/vaccination-foreign-nationals,13/06/2021,"Czech, English",15 Jun 2021,Foreigners with long-term visas but not registered in the national health system can get self-pay vaccinations. Other groups of foreigners are being negotiated
CZE04,Czechia,Metodický pokyn pro očkovací kampaň. Plán provedení,Methodical instructions for the vaccination campaign. Execution plan,National Implementation Plan,Official National Document,https://www.mzcr.cz/wp-content/uploads/2021/01/Metodick%C3%BD-pokyn-pro-o%C4%8Dkovac%C3%AD-kampa%C5%88-Pl%C3%A1n-proveden%C3%AD.pdf,17/06/2021,Czech,5 Jul 2021,citizen verification takes place via eGovernment services (NIA and Citizen's Portal)
CZE05,Czechia,Centrální rezervační systém - očkování proti covid-19 registrace pro samoplátce,Registration website for self-payers,Vaccine Registration Website,Registration Website,https://registrace.mzcr.cz/samoplatci,-,"Czech, English",5 Jul 2021,The website for third-country nationals not registered in the national public health system. It requests address and ID.
CZE06,Czechia,Who will be vaccinated first?,-,National Implementation Plan,Other Government Communication,https://covid.gov.cz/en/situations/register-vaccination/who-will-be-vaccinated-first,20/04/2021,"English, Czech",6 Jul 2021,FAQ on the Czech COVID portal on who will be vaccinated first
CZE07,Czechia,Vaccination timeline,-,National Implementation Plan,Other Government Communication,https://covid.gov.cz/en/situations/register-vaccination/vaccination-timeline,04/06/2021,"English, Czech",6 Jul 2021,The COVID website piece on the updated vaccination timeline
CZE08,Czechia,Očkování proti covidu-19 bude pro všechny občany zdarma. Blatný vyzývá k široké účasti,The COVID-19 vaccination will be free for all citizens. Blatný calls for broad participation,National Implementation Plan,Media,https://ct24.ceskatelevize.cz/domaci/3232900-ockovani-proti-covidu-19-bude-pro-vsechny-obcany-zdarma-blatny-vyzyva-k-siroke-ucasti,27/11/2020,Czech,6 Jul 2021,Minister of Health on the vaccination plan
CZE09,Czechia,Finanční zabezpečení očkování proti covid-19,Financial security of vaccination against COVID-19,National Implementation Plan,Official National Document,https://www.mzcr.cz/wp-content/uploads/2021/03/P%C5%99%C3%ADloha-3-%E2%80%93-Finan%C4%8Dn%C3%AD-zabezpe%C4%8Den%C3%AD.pdf,04/06/2021,Czech,6 Jul 2021,Official document (appendix to the national vaccination plan) on detailed strategy on financing/budgeting the vaccination plan
CZE10,Czechia,Popis procesu očkování,Description of the vaccination process,National Implementation Plan,Official National Document,https://www.mzcr.cz/wp-content/uploads/2021/01/P%C5%99%C3%ADloha-1-%E2%80%93-Popis-procesu-o%C4%8Dkov%C3%A1n%C3%AD.pdf,04/06/2021,Czech,6 Jul 2021,Official document (appendix to the national vaccination plan) on detailed description of how vaccination phases will be held and what categories of people are included there
CZE11,Czechia,Mediální a informační podpora,Media and information support,National Implementation Plan,Official National Document,https://www.mzcr.cz/wp-content/uploads/2021/03/P%C5%99%C3%ADloha-5-%E2%80%93-Medi%C3%A1ln%C3%AD-a-informa%C4%8Dn%C3%AD-podpora.pdf,04/06/2021,Czech,6 Jul 2021,Official document (appendix to the national vaccination plan) on the media and information support strategy
CZE12,Czechia,CENTRÁLNÍ REZERVAČNÍ SYSTÉM. Návod pro zájemce o očkování,CENTRAL RESERVATION SYSTEM. Instructions for those interested in vaccination,Vaccine Registration Website,Other Government Communication,https://koronavirus.mzcr.cz/wp-content/uploads/2021/04/manual_centralni-rezervacni-system_210422.pdf,20/04/2021,Czech,6 Jul 2021,Manual on how to use Central Reservation System to get registered for vaccination (consists information on personal data policy)
CZE13,Czechia,Vaccination for self-payers,-,National Implementation Plan,Other Government Communication,https://covid.gov.cz/en/situations/register-vaccination/vaccination-self-payers,13/06/2021,"English, Czech",6 Jul 2021,It contains the information on how to get vaccination without being in the national/regional health system
CZE14,Czechia,Central covid-19 vaccination booking system - registration to the system,-,Vaccine Registration Website,Registration Website,https://registrace.mzcr.cz/,-,"English, Czech",6 Jul 2021,Has information on how personal data will be processed
CZE15,Czechia,Telephone assistance with vaccination registration for seniors,-,National Implementation Plan,Other Government Communication,https://covid.gov.cz/en/situations/register-vaccination/telephone-assistance-vaccination-registration-seniors,14/05/2021,"English, Czech",6 Jul 2021,Not proficient digital users can register for vaccination through telephone assistance
CZE16,Czechia,Vaccination of immobile patients,-,National Implementation Plan,Other Government Communication,https://covid.gov.cz/en/situations/register-vaccination/vaccination-immobile-patients,02/04/2021,"English, Czech",6 Jul 2021,"Contains the information on how to get access to vaccination if you are immobile (also, a mobile vaccination team)"
CZE17,Czechia,Vaccination of caregivers of care allowance recipients,-,National Implementation Plan,Other Government Communication,https://covid.gov.cz/en/situations/register-vaccination/ended-vaccination-caregivers-care-allowance-recipients,17/06/2021,"English, Czech",6 Jul 2021,Contains the information on how to get access to vaccination if you are a caregiver of care allowance recipients
CZE18,Czechia,Certificate of Vaccination,-,National Implementation Plan,Other Government Communication,https://covid.gov.cz/en/situations/register-vaccination/certificate-vaccination,25/06/2021,"English, Czech",6 Jul 2021,It contains the information on how to acquire a certificate of vaccination and what information will be included in it.
CZE19,Czechia,Očkovací certifikát,Vaccination certificate,National Implementation Plan,Official National Document,https://www.uzis.cz/res/file/covid/covid-19-ockovaci-portal.pdf,01/06/2021,"English, Czech",30 Jul 2021,The template of the vaccination certificate given out by the Czech government.
GER04,Germany,Verordnung zum Anspruch auf Schutzimpfung gegen das Coronavirus SARS-CoV-2,Regulation on the right to vaccination against the SARS-CoV-2 coronavirus,Official Vaccine Policy,Official National Document,https://www.bundesgesundheitsministerium.de/fileadmin/Dateien/3_Downloads/C/Coronavirus/Verordnungen/ImpfVO_Kabinett_020621.pdf,02/06/2021,German,17 Jun 2021,"This is the same document as the one above, but it has a justification at the beginning before the official regulation."
GER05,Germany,Die Nationale Impfstrategie,The national vaccination strategy,National Implementation Plan,Other Government Communication,https://www.zusammengegencorona.de/impfen/basiswissen-zum-impfen/die-nationale-impfstrategie/,31/05/2021,German,17 Jun 2021,"Article by the German Ministry of Health on the government website about Germany's vaccination strategy. The article includes information on who can be vaccinated, where they can be vaccinated and changes to the strategy."
GER07,Germany,Wichtige Dokumente für Ihren Impftermin,Important documents for your vaccination appointment,-,Other Government Communication,https://www.zusammengegencorona.de/impfen/aufklaerung-zum-impftermin/wichtige-dokumente-fuer-ihren-impftermin/,04/06/2021,German,17 Jun 2021,"Article by the German Ministry of Health on the government website about documents that people need to bring to their appointments (e.g. passport, vaccination certificate)"
GER08,Germany,Informationen zu Impfgruppen und Terminvergabe in den Bundesländern,Information regarding vaccination groups and appointment allocation in the federal states,National Implementation Plan,Other Government Communication,https://www.zusammengegencorona.de/impfen/basiswissen-zum-impfen/informationen-zu-impfgruppen-und-terminvergabe-in-den-bundeslaendern/,08/06/2021,German,17 Jun 2021,Article by the German Ministry of Health on the government website about how the vaccination strategy is implemented in the federal states
GER09,Germany,Diese Reihenfolge gilt bei der Impfung,This order applies to vaccinations,National Implementation Plan,Other Government Communication,https://www.bundesregierung.de/breg-de/themen/corona-informationen-impfung/corona-impfverordnung-1829940,17/05/2021,German,17 Jun 2021,Article on the website of the German Government stating in which order people in Germany will be vaccinated and who will be in which prioritisation group.
GER15,Germany,Drucksache 19/28338. Schriftliche Fragen mit den in der Woche vom 6. April 2021 eingegangenen Antworten der Bundesregierung,"Printed matter 19/28338. Written questions with the answers received from the federal government in the week of April 6, 2021",National Implementation Plan,Other Government Communication,https://dserver.bundestag.de/btd/19/283/1928338.pdf#page=105,09/04/2021,German,21 Jun 2021,Question on p.99 of the document is about the vaccination of undocumented people
GER16,Germany,Medibüro Hamburg,-,-,Ngo,http://www.medibuero-hamburg.org,no date,German,5 Jul 2021,-
GER17,Germany,Impfnachweis,Vaccination certificate,Official Vaccine Policy,Other Government Communication,https://www.zusammengegencorona.de/impfen/aufklaerung-zum-impftermin/impfnachweis/,21/06/2021 (last updated),German,5 Jul 2021,-
GER18,Germany,"Spahn zur Impfverordnung: Die Schwächsten zu schützen, ist das erste Ziel",Spahn on the vaccination ordinance: Protecting the weakest is the first goal,National Implementation Plan,Other Government Communication,https://www.bundesregierung.de/breg-de/suche/spahn-impfverordung-1829996,18/12/2020,German,3 Aug 2021,press release on the vaccination rollout
AUS01,Austria,COVID-19-Impfungen: Priorisierung des Nationalen Impfgremiums,COVID-19 vaccinations: prioritization of the National Vaccination Board,National Implementation Plan,Official National Document,https://www.sozialministerium.at/dam/jcr:818f51d4-c9cf-4f5b-b7f5-1e30698392e4/COVID-19_Priorisierung_Nationalen_Impfgremiums_Version_5.0_(Stand__31.5.2021).pdf,31/05/2021,German,18 Jun 2021,The document contains the order in which the population will be vaccinated
AUS02,Austria,COVID-19-Impfungen: Anwendungsempfehlungen des Nationalen Impfgremiums,COVID-19 vaccinations: recommendations for use by the National Vaccination Board,National Implementation Plan,Official National Document,https://www.sozialministerium.at/dam/jcr:ec9ef4f5-f556-42f4-a19e-1aca05c58a8b/COVID-19-Impfungen%20Anwendungsempfehlung%20des%20Nationalen%20Impfgremiums_Version_4.0_(Stand%2031.05.2021).pdf,31/05/2021,German,18 Jun 2021,"The document contains recommendations regarding vaccines, the time between vaccinations, allergies, children, etc."
AUS04,Austria,COVID-19 Impfplan,COVID-19 vaccination schedule,National Implementation Plan,Official National Document,https://www.sozialministerium.at/dam/jcr:288e16f8-b08d-442f-aa02-2b8a5c0dbe1b/COVID_19_Impfplan.pdf,01/06/2021,German,18 Jun 2021,The document contains the phases in which the population will be vaccinated. It's based on the document outlining the prioritisation. Short English illustration available here: https://www.sozialministerium.at/dam/jcr:9d4d485c-34bd-429c-85cd-737f532faa16/210401_COVID-19-Impfplan%20mit%20Illustrationen_hoch_EN-UK_PDFua.pdf
AUS05,Austria,Jetzt Impfen: Anmeldung,Vaccinating now: Registration,Vaccine Registration Website,Registration Website,https://www.oesterreich-impft.at/impfanmeldung/,14/06/2021 (last updated),German,18 Jun 2021,"In Austria, there isn't one main website to book covid vaccinations. Instead, every state has their own website. This website provides information and links to all state's registration websites and procedures."
AUS08,Austria,Allgemeine Fragen,General questions (about the Covid vacciantion),National Implementation Plan,Other Government Communication,https://www.sozialministerium.at/Corona-Schutzimpfung/Corona-Schutzimpfung---Haeufig-gestellte-Fragen/Corona-Schutzimpfung-–-Haeufig-gestellte-Fragen---Allgemeine-Fragen.html,18/06/2021,German,18 Jun 2021,"The first paragraph states that anyone living in Austria can get a free Covid vaccination, even if they don't have a social security number."
AUS09,Austria,Corona-Schutzimpfung – Durchführung und Organisation,Corona vaccination - implementation and organization,National Implementation Plan,Other Government Communication,https://www.oesterreich-impft.at/impfplan/,no date,German,5 Jul 2021,-
AUS10,Austria,Unsere Videos,Our videos,-,Other Government Communication,https://www.oesterreich-impft.at/videos-uebersicht/,no date,German,5 Jul 2021,-
AUS11,Austria,Nationales Impfgremium,National vaccination committee,-,Other Government Communication,https://www.sozialministerium.at/Themen/Gesundheit/Impfen/Nationales-Impfgremium.html,26/05/2021 (last updated),German,5 Jul 2021,-
AUS12,Austria,Gerüchte und Fakten,Rumors and facts,National Implementation Plan,Other Government Communication,https://www.sozialministerium.at/Corona-Schutzimpfung/Corona-Schutzimpfung---Haeufig-gestellte-Fragen/Corona-Schutzimpfung---Gerüchte-und-Fakten.html,18/06/2021,German,5 Jul 2021,-
AUS13,Austria,Aufklärungs- und Dokumentationsbogen Corona-Schutzimpfung,Corona vaccination information sheet and documentation sheet,-,Other Government Communication,https://www.sozialministerium.at/dam/jcr:e11b58c1-71d3-47d4-b059-5960bfe39ef5/Schutzimpfung_Covid-19-Formular_mRNA-Impfstoffe.pdf,10/06/2021,German,5 Jul 2021,-
AUS14,Austria,"The most importantinformation at a glance",-,National Implementation Plan,Other Government Communication,https://www.sozialministerium.at/dam/jcr:eca01227-59b0-4800-abdf-28f7b7182dd4/210623_Corona-Schutzimpfung%20für%20Migrantinnen_6_UK_PDFua.pdf,01/06/2021,German,5 Jul 2021,-
AUS15,Austria,Grüner Pass,Green Pass,National Implementation Plan,Other Government Communication,https://www.gesundheit.gv.at/service/gruener-pass/inhalt,05/07/2021 (last updated),German,5 Jul 2021,-
AUS16,Austria,Grüner Pass: Datenschutzinformation gemäß Art. 14 DSGVO,Green Pass: data protection information in accordance with Art. 14 GDPR,National Implementation Plan,Other Government Communication,https://www.gesundheit.gv.at/service/gruener-pass/datenschutzinformation,10/06/2021 (last updated),German,5 Jul 2021,-
AUS17,Austria,Gesundheitsministerium: Österreichischer Impfplan präzisiert,Ministry of Health: Austrian vaccination plan specified,National Implementation Plan,Other Government Communication,https://www.ots.at/presseaussendung/OTS_20210211_OTS0183/gesundheitsministerium-oesterreichischer-impfplan-praezisiert,11/02/2021,German,3 Aug 2021,press release on the vaccination rollout
BEL01,Belgium,Vaccinatie Coronavirus Informatie,Belgian Government Website with Coronavirus vaccination information,Official Vaccine Policy,Other Government Communication,https://www.info-coronavirus.be/nl/vaccinatie/,-,"Dutch, French, English, German",20 Jun 2021,"On this website, you can find all the relevant information on Coronavirus vaccinations in Belgium (Who can have them, where, when, why, etc.) https://d34j62pglfm3rr.cloudfront.net/downloads/COVID19_VACCINATIESCHEMA_FR.jpg"
BEL12,Belgium,Coronavirus : les personnes sans-abri ou sans papiers seront-elles vaccinées? Comment procéder?,Coronavirus: will homeless or undocumented people be vaccinated? How to proceed?,National Implementation Plan,Media,https://www.rtbf.be/info/regions/bruxelles/detail_coronavirus-les-personnes-sans-abri-ou-sans-papiers-seront-elles-vaccinees-comment-proceder?id=10713694,07/03/2021,French,20 Jun 2021,RTBF article on the Belgian government plan to vaccinate homeless and undocumented people.
BEL13,Belgium,"Wanneer bent u aan de beurt? Zo ziet de Belgische vaccinatiestrategie er op dit moment uit, een overzicht per maand","Belgian Vaccination strategy, month per month",Official Vaccine Policy,Media,https://www.demorgen.be/nieuws/wanneer-bent-u-aan-de-beurt-zo-ziet-de-belgische-vaccinatiestrategie-er-op-dit-moment-uit-een-overzicht-per-maand~b5e156f8/,19/01/2021,Dutch,30 Jun 2021,"De Morgen article about the Belgian vaccination strategy, broken down month by month and gives locations of vaccination centres"
BEL19,Belgium,Your all-in-one guide to Belgium’s coronavirus vaccine rollout,-,Official Vaccine Policy,Media,https://www.politico.eu/article/belgium-guide-coronavirus-vaccination-when-how-to-get-jab/,21/03/2021,English,30 Jun 2021,"Politico article about the Belgian government's vaccination plan, month by month"
BEL20,Belgium,Federal - Vaccine doses administered and registered in VaccinNet compared to total number of vaccines doses delivers to Belgium since 18/03/2021,-,Official Vaccine Policy,Official National Document,https://d34j62pglfm3rr.cloudfront.net/downloads/TF-Vacc_week1503.pdf,18/03/2021,English,30 Jun 2021,Statistics and Graph published by VaccinNet on the vaccine delivery scheme and the amount of vaccines administered between 25 December 2020 to 18 March 2021
BEL21,Belgium,The federal government and the federated entities work together to vaccinate at least 8 million Belgians.,-,Official Vaccine Policy,Other Government Communication,https://www.famhp.be/en/news/the_federal_government_and_the_federated_entities_work_together_to_vaccinate_at_least_8_million,16/11/2020,English,16 Aug 2021,Article includes information about the members of the national vaccination task force
BEL23,Belgium,Covidsafe.be Frequently Asked Questions,-,National Implementation Plan,Other Government Communication,https://covidsafe.be/en/frequently-asked-questions#certificaten,no date,English,16 Aug 2021,It's the website of the app where you can get your digital certificate of vaccination
ITA01,Italy,Ordinanza 6_2021,Decree 6/2021,Official Vaccine Policy,Official National Document,https://vaccinocovid.regione.emilia-romagna.it/il-piano-vaccinale-regionale,01/06/2021,Italian,22 Jun 2021,Communication on the execution of the vaccination campaign.
ITA02,Italy,Vaccinazione anti-SARS-CoV-2/COVID-19 - Raccomandazioni ad interim sui gruppi target della vaccinazione anti-SARS-CoV-2/COVID-19,Anti-SARS-COV-2/COVID-19 Vaccination - Recommendations ad interim on target groups for anti-SARS-COV-2/COVID-19 vaccination,Official Vaccine Policy,Other Government Communication,https://www.vaccinarsi.org/assets/uploads/files/Piano_vaccinale_12_03_rev1_1.pdf,10/03/2021,Italian,22 Jun 2021,Strategic plan for the Covid-19 vaccination released by the Health Ministry.
ITA06,Italy,Decreto 2 gennaio 2021,Decree 2 of January 2021,National Implementation Plan,Official National Document,https://www.trovanorme.salute.gov.it/norme/renderNormsanPdf?anno=2021&codLeg=78657&parte=1%20&serie=null,02/01/2021,Italian,22 Jun 2021,Adoption of a strategic plan for anti-SARS-CoV-2 / COVID-19 vaccination
ITA07,Italy,Covid Ordinanza 7/2021,Covid decree 7_2021,National Implementation Plan,Official National Document,https://www.governo.it/it/dipartimenti/commissario-straordinario-lemergenza-covid-19/16710,24/04/2021,Italian,26 Jun 2021,Strategic guidelines for implementing the vaccination campaign.
ITA10,Italy,Ordinanza_N.3/2021,Decree n3_2021,Official Vaccine Policy,Official National Document,https://www.governo.it/sites/governo.it/files/documenti/documenti/Presidenza/CS-Covid19/Normativa/Ordinanze_2021/ORDINANZA_N_3.pdf,29/03/2021,Italian,28 Jun 2021,Decree about the independence of the Regions on the vaccination campaign.
ITA11,Italy,DPCM Green Pass,Decree Green Pass,National Implementation Plan,Official National Document,https://www.governo.it/it/articolo/green-pass-draghi-firma-il-decreto-dal-1-luglio-certificati-validi-tutta-l-ue/17184,17/06/2021,Italian,28 Jun 2021,Decree to activate the Green Pass in Italy.
ITA13,Italy,Come ottenere la Certificazione verde COVID-19,How to obtain the COVID-19 Green Pass,National Implementation Plan,Other Government Communication,https://www.dgc.gov.it/web/ottenere.html,no date,Italian,17 Aug 2021,Website for the digital certification of vaccination against COVID-19. Includes information on what are the necessary documents to obtain the certificate.
ITA14,Italy,Come funziona la Certificazione verde COVID-19,How does the COVID-19 Green Pass work,National Implementation Plan,Other Government Communication,https://www.dgc.gov.it/web/comeFunziona.html,no date,Italian,17 Aug 2021,Website for the digital certification of vaccination against COVID-19. Includes a mock-up of the digital and paper certificate
ITA15,Italy,"Vaccino Covid, il piano del governo illustrato da Speranza: le dosi e chi sarà vaccinato prima","Covid vaccine, Speranza explains the governmental plan: how many doses and who will be vaccinated first",National Implementation Plan,Media,https://www.corriere.it/politica/20_dicembre_02/vaccino-covid-piano-governo-illustrato-speranza-dosi-chi-sara-vaccinato-prima-91af0744-347f-11eb-b1bc-a76a672bf85e.shtml,02/12/2020,Italian,12 Sep 2021,Example of statement / Health Ministry explaining vaccination policy
ITA16,Italy,"Coronavirus, ecco il piano vaccini di Speranza: “Useremo fiere e palestre, coinvolto l’esercito. Le prime dosi di Pfizer entro il 26 gennaio”","Coronavirus, Speranza's vaccination plan: ""we will use exhibition spaces and gyms; the army will be involved. First Pfizer doses by 26 January""",National Implementation Plan,Media,https://www.ilfattoquotidiano.it/2020/12/01/coronavirus-ecco-il-piano-vaccini-di-speranza-useremo-fiere-e-palestre-coinvolto-lesercito-le-prime-dosi-di-pfizer-entro-il-26-gennaio/6023526/,01/12/2020,Italian,12 Sep 2021,Example of statement / Health Ministry explaining vaccination policy
ITA17,Italy,"Vaccino Covid, Speranza: “Prime dosi a medici e anziani, poi a insegnanti e forze dell’ordine”","Covid vaccine, Speranza: ""First doses to doctors and the elderly, then teachers and army and police""",National Implementation Plan,Media,https://www.ilfattoquotidiano.it/2020/12/02/vaccino-covid-speranza-prime-dosi-a-medici-e-anziani-poi-a-insegnanti-e-forze-dellordine/6023800/,02/12/2020,Italian,12 Sep 2021,Example of statement / Health Ministry explaining vaccination policy
ITA18,Italy,Decreto direttoriale 19 november 2020 - composizione Gruppo di lavoro intersettoriale su vaccini e vaccination anti-Covid,Decree of 19 Nov. 2020 - composition of inter-sectorial group on vaccines and vaccination for covid=19,National Implementation Plan,Official National Document,https://www.trovanorme.salute.gov.it/norme/renderNormsanPdf?anno=2020&codLeg=77935&parte=1%20&serie=null,19/11/2020,Italian,12 Sep 2021,-
ITA19,Italy,Questions and answers on COVID-19 vaccines,-,Official Vaccine Policy,Official National Document,https://www.aifa.gov.it/documents/20142/1297852/Domande_risposte_vaccini_covid-19_EN.pdf,last update 04/08/2021,English,12 Sep 2021,-
ITA20,Italy,Piano Vaccinale Anticovid,Vaccination plan against COVID,Official Vaccine Policy,Official National Document,https://www.governo.it/sites/governo.it/files/210313_Piano_Vaccinale_marzo_2021_2.pdf,13/03/2021,Italian,12 Sep 2021,-
ROM01,Romania,Strategie de vaccinare impotriva COVID 19 in Romania,Vaccine strategy against Covid 19 in Romania,National Implementation Plan,Official National Document,https://vaccinare-covid.gov.ro/wp-content/uploads/2020/12/Strategia-vaccinare-02-12-2020-CL-FINAL-cu-COVID-19-tabel-2_CUPRINS-UPDATE-1.pdf,02/01/2021,Romanian,25 Jun 2021,The national strategy for vaccinating Romanians. No mention of undocumented/vulnerable populations.
ROM03,Romania,Strategie de vaccinare actualizata,Updated Vaccine Strategy December,National Implementation Plan,Official National Document,https://vaccinare-covid.gov.ro/wp-content/uploads/2021/02/STRATEGIE-din-27-noiembrie-2020-actualizata-20-ianuarie-2021.pdf,03/12/2021,Romanian,25 Jun 2021,-
ROM06,Romania,Nota de informare privind evolutia campaniei de vaccinare 21.12 - 19.03.2021,Informational note about the evolution of the vaccination campaign,National Implementation Plan,Official National Document,https://sgg.gov.ro/1/wp-content/uploads/2021/03/INFO.pdf,/,Romanian,25 Jun 2021,-
ROM07,Romania,Conferință de presă susținută de președintele Comitetului național de coordonare a activităților privind vaccinarea,Press conference held by the President of the National Coordinating Committee for SARS-CoV-2 Vaccination Activities (CNCAV),National Implementation Plan,Other Government Communication,https://gov.ro/ro/stiri/conferinta-de-presa-sustinuta-de-pre-edintele-comitetului-national-de-coordonare-a-activitatilor-privind-vaccinarea-impotriva-sars-cov-2-cncav-valeriu-gheorghita-i-secretarul-de-stat-in-ministerul-sanatatii-i-vicepre-edinte-cncav-andrei-baciu1620721925,11/05/2021,Romanian,25 Jun 2021,-
ROM08,Romania,Stiri oficiale despre Covid,Official news by the government about Covid,Official Vaccine Policy,Media,https://stirioficiale.ro/informatii,/,Romanian,25 Jun 2021,-
ROM10,Romania,Bugetul 2021,2021 Budget,Official Vaccine Policy,Other Government Communication,https://mfinante.gov.ro/ro/acasa/transparenta/proiecte-acte-normative?p_p_id=com_liferay_asset_publisher_web_portlet_AssetPublisherPortlet_INSTANCE_Bg185RyrkUe4&p_p_lifecycle=0&p_p_state=normal&p_p_mode=view&_com_liferay_asset_publisher_web_portlet_AssetPublisherPortlet_INSTANCE_Bg185RyrkUe4_delta=20&p_r_p_resetCur=false&_com_liferay_asset_publisher_web_portlet_AssetPublisherPortlet_INSTANCE_Bg185RyrkUe4_cur=3,-,Romanian,-,-
ROM11,Romania,National vaccine registration website screenshot,National vaccine registration website screenshot,Vaccine Registration Website,Registration Website,https://programare.vaccinare-covid.gov.ro/#/home,-,Romanian,-,-
POL01,Poland,Narodowy Program Szczepien,National Vaccination Strategy,Official Vaccine Policy,Official National Document,Narodowy Program Szczepień przeciw COVID-19 - Szczepienie przeciwko COVID-19 - Portal Gov.pl (www.gov.pl),12/2020,Polish,29 Jun 2021,-
POL02,Poland,Pismo od Ministerstwa Zdrowia do RPO,Response from Min of Health to Polish Ombudsman,-,Other Government Communication,Odpowiedz_MZ_16.06.2021.pdf (rpo.gov.pl),16/06/2021,Polish,29 Jun 2021,"Ministry of Health responds to Ombudsman questions about vaccinating migrants, incl. undocumented ones"
POL03,Poland,Dworczyk: punkty szczepień zrezygnowały z prawie miliona dawek z powodu braku zainteresowania,Dworczyk: vaccination points dropped almost a million doses due to lack of interest,National Implementation Plan,Media,"Koronawirus w Polsce. Konferencja prasowa Michała Dworczyka, Michała Kuczmierowskiego i Andrzeja Horbana 1 lipca - relacja na żywo - TVN24",01/07/2021,Polish,5 Jul 2021,"Latest press conference by the government minister in charge of the national vaccination programme, July 1"
POL04,Poland,Strona glowna e-rejestracja,Online registration page,Vaccine Registration Website,Registration Website,Strona główna | Pacjent,-,Polish,5 Jul 2021,-
POL05,Poland,email from Border Guard,email from Border Guard,-,Other Government Communication,-,02/07/2021,Polish,5 Jul 2021,email from Border Guards giving details on vaccination of people in refugee centers
POL06,Poland,website of national lottery,The Lottery of the National Vaccination Programme,-,Other Government Communication,Strona główna - Loteria Narodowego Programu Szczepień - Portal Gov.pl (www.gov.pl),-,Polish,2 Aug 2021,-
POL07,Poland,website of vaccination certificate,Travel in Europe with the EU Certificate,-,Other Government Communication,Podróżuj po Europie z Unijnym Certyfikatem COVID | Pacjent,-,Polish,2 Aug 2021,-
SLO01,Slovakia,Národná stratégia očkovania proti ochoreniu COVID-19 v podmienkach Slovenskej republiky,National Strategy Against the COVID_19 disease in the conditions of the Slovak Republic,Official Vaccine Policy,Official National Document,https://www.uvzsr.sk/docs/info/covid19/3_Vlastny_material_zapr_prip.pdf,23/12/2020,Slovak,30 Jun 2021,SELECTED: Most comprehensive gov document - The official document from the Slovak government detailing the foundations and basic tenets of Slovakia's vaccine policy and a step-by-step rollout of the country's vaccination strategy
SLO02,Slovakia,Pandemický plán pre prípad pandémie v Slovenskej Republike,Pandemic plan for the event of a pandemic in the Slovak Republic,National Implementation Plan,Official National Document,https://www.uvzsr.sk/docs/info/covid19/Pandemicky_plan_pre_pripad_pandemie_v_Slovenskej_republike.pdf,11/08/2020,Slovak,30 Jun 2021,SELECTED: Most comprehensive gov document - An official document from Slovakia's Public Health Authority and the Health Ministry laying out the roles and competences of state institutions in combatting a pandemic in its various stages
SLO04,Slovakia,Prihlasovanie na očkovanie,Application for vaccination,Vaccine Registration Website,Registration Website,https://vakcinacia.nczisk.sk/registracia,07/06/2021 latest version,Slovak,30 Jun 2021,The official vaccine registration webportal
SLO05,Slovakia,Slovensko proti Covidu,Slovakia Against Covid,National Implementation Plan,Other Government Communication,https://www.slovenskoproticovidu.sk/sk/,N/A,"Slovak, English, Hungarian",30 Jun 2021,"SELECTED: Comprehensive gov communication - An info site run by the Slovak government informing about the number of vaccinated Slovaks, the gap to the goal to vaccinate 60% of the population and containing useful tips about vaccines, debunking of hoaxes and campaigns by influencers"
SLO06,Slovakia,Očkovať proti COVID-19 sa môžu aj niektorí cudzinci a dlžníci na poistnom,Vaccination against COVID-19 now available for some foreigners and insurance debtors,National Implementation Plan,Other Government Communication,https://www.health.gov.sk/Clanok?covid-19-14-04-2021-ockovanie-cudzinci,14/04/2021,Slovak,30 Jun 2021,"SELECTED: Most up-to-date policy - Official communication by the health ministry informing about vaccination options for some foreigners, unfortunately for these foreigners only available in Slovak"
SLO08,Slovakia,Skupiny osôb s nárokom na poskytnutie očkovania proti COVID-19,Groups of individuals eligible for vaccination against Covid-19,National Implementation Plan,Other Government Communication,https://www.health.gov.sk/Clanok?ockovanie-proti-ochoreniu-covid-19,14/06/2021,Slovak,30 Jun 2021,"SELECTED: Most up-to-date policy - Official communication by the health ministry updating eligibility criteria for vaccination, now including people and foreign students without public health insurance as well as asylum seekers"
SLO13,Slovakia,Kto a kedy sa bude môcť dať zaočkovať?,Who and when can get vaccinated?,National Implementation Plan,Registration Website,https://korona.gov.sk/vakcinacia/,13/04/2021,Slovak,5 Jul 2021,SELECTED: Comprehensive gov communication - Overview of vaccination policy for the general population + Registration
SLO14,Slovakia,Očkovanie je najvyššia hodnota za peniaze,Vaccination is the highest value for money,National Implementation Plan,Other Government Communication,https://www.mfsr.sk/sk/financie/hodnota-za-peniaze/blogy-uhp/2021/ockovanie/?forceBrowserDetector=pc,31/05/2021,Slovak,5 Jul 2021,SELECTED: Comprehensive gov communication - Explanation of pandemic-related and vaccination costs
SLO15,Slovakia,Očkovanie - informačná povinnosť ÚVZ,Vaccination - information duty Public Health Authority,National Implementation Plan,Other Government Communication,https://korona.gov.sk/ockovanie-informacna-povinnost-uvz/,NA,Slovak,5 Jul 2021,SELECTED: Comprehensive gov communication - Explanation of personal data usage by Public Health Authority when registering for vaccination
EST01,Estonia,COVID-19 vaktsineerimise plaan aprill-juuni 2021,COVID-19 Vaccination plan April-June 2021,National Implementation Plan,Official National Document,https://www.sm.ee/sites/default/files/news-related-files/covid-19_vaktsineerimise_plaan_1904.pdf,20/04/2021,Estonian,1 Jul 2021,"The National vaccination plan that explains who and when are eligible to get the vaccine, ""plan"" ended with June"
EST02,Estonia,Vaktsineerimine Eestis,Vaccination in Estonia,National Implementation Plan,Official National Document,https://vaktsineeri.ee/covid-19/vaktsineerimine-eestis/,-,Estonian,1 Jul 2021,Generic information about country's vaccination and a timeline
EST03,Estonia,Uninsured people and foreigners living in Estonia can get vaccinated against COVID-19 free of charge,-,National Implementation Plan,Other Government Communication,https://vaktsineeri.ee/en/news/people-not-covered-by-health-insurance-and-foreigners-living-in-estonia-can-get-vaccinated-against-covid-19-for-free/,25/05/2021,English,1 Jul 2021,Vaccination information for uninsured people or foreigners living in Estonia
EST06,Estonia,Vaktsineerimine Eestis,Vaccination in Estonia,National Implementation Plan,Other Government Communication,https://www.kriis.ee/et/vaktsineerimine-eestis,04/07/2021,Estonian,5 Jul 2021,National website that provides information on vaccination. It has a small section that discusses non-Estonian vaccination.
EST07,Estonia,Riigi 2021. aasta lisaeelarve seaduse eelnõu seletuskiri,Country's 2021 extra-budget official statement,National Implementation Plan,Official National Document,https://www.google.com/url?sa=t&rct=j&q=&esrc=s&source=web&cd=&ved=2ahUKEwj31sHCzcvxAhXi-SoKHbVJDOMQFjAAegQIBBAD&url=https%3A%2F%2Fwww.rahandusministeerium.ee%2Fsystem%2Ffiles_force%2Fdocument_files%2F2021-aasta_riigieelarve_seaduse_seletuskiri.pdf%3Fdownload%3D1&usg=AOvVaw1olL9DnUr0vPP_qLiBsuEo,2021,Estonian,5 Jul 2021,The national budget confirmation document that has details about the money spent on fighting the crisis (including vaccines)
EST08,Estonia,E-mail riigiametnikult,An e-mail from the government,Official Vaccine Policy,Other Government Communication,-,30/07/2021,Estonian,2 Aug 2021,An e-mail sent by a government official that explains the vaccination of undocumented citizens of Estonia
EST09,Estonia,Vaktsineerimiskava avalikustamine ning ministri kommentaar,"Press release about the vaccination startegy, health minister's comment",National Implementation Plan,Other Government Communication,https://www.sm.ee/et/uudised/maikuu-jooksul-avaneb-jark-jargult-covid-19-vastu-vaktsineerimise-voimalus-koigile,20/04/2021,Estonian,7 Sep 2021,The press release about the vaccination strategy. Health minister Tanel Kiik explaining what the plan consists of.
EST10,Estonia,Tervise ja Heaolu Infosüsteemide Keskuse isikuandmete töötlemise põhimõtted,Data collecting principles in the patient portal,Vaccine Registration Website,Registration Website,https://www.tehik.ee/info-kodanikule,-,Estonian,7 Sep 2021,The press realse about the vaccination strategy. Health minister Tanel Kiik explaining what the plan consists of.